Year,Country Code,"Net trade in goods and services (BoP, current US$)",GDP (current US$),Consumer price index (2010 = 100),"Unemployment, total (% of total labor force) (national estimate)","Exports of goods and services (BoP, current US$)","Imports of goods and services (BoP, current US$)","Foreign direct investment, net (BoP, current US$)","Official exchange rate (LCU per US$, period average)"
1983 [YR1983],USA,-57135000000,3634038000000,45.6764447583299,9.6,266018000000,323153000000,-2730000000,1
1984 [YR1984],USA,-108277000000,4037613000000,47.6407764689877,7.5,291047000000,399324000000,-12410000000,1
1985 [YR1985],USA,-121102000000,4338979000000,49.3299488738723,7.2,289010000000,410112000000,-5950000000,1
1986 [YR1986],USA,-138527000000,4579631000000,50.2662548449057,7,310041000000,448568000000,-11422000000,1
1987 [YR1987],USA,-151675000000,4855215000000,52.1082935307754,6.2,348872000000,500547000000,-23438000000,1
1988 [YR1988],USA,-114660000000,5236438000000,54.2331348364674,5.5,431143000000,545803000000,-35209000000,1
1989 [YR1989],USA,-93126000000,5641580000000,56.8509698983363,5.3,487063000000,580189000000,-24800000000,1
1990 [YR1990],USA,-80852000000,5963144000000,59.919760489111,5.6,535258000000,616110000000,-11290000000,1
1991 [YR1991],USA,-31180000000,6158129000000,62.4573407534626,6.8,578337000000,609517000000,14720000000,1
1992 [YR1992],USA,-39207100000,6520327000000,64.3490609806525,7.5,616872900000,656080000000,28460000000,1
1993 [YR1993],USA,-70311000000,6858559000000,66.2484245218916,6.9,642854000000,713165000000,32570000000,1
1994 [YR1994],USA,-98511000000,7287236000000,67.9758134970226,6.119,703254000000,801765000000,34050000000,1
1995 [YR1995],USA,-96387000000,7639749000000,69.8828203523109,5.65,794397000000,890784000000,40980000000,1
1996 [YR1996],USA,-104035000000,8073122000000,71.9312285175105,5.451,851628000000,955663000000,5360000000,1
1997 [YR1997],USA,-108288000000,8577552000000,73.6127576083459,5,934459000000,1042747000000,-770000000,1
1998 [YR1998],USA,-166130000000,9062817000000,74.755433058709,4.511,933183000000,1099313000000,-36390000000,1
1999 [YR1999],USA,-255813000000,9631172000000,76.391102265249,4.219,976521000000,1232334000000,-64964000000,1
2000 [YR2000],USA,-369689000000,10250952000000,78.9707207568715,3.992,1082962000000,1452651000000,-162755000000,1
2001 [YR2001],USA,-360373000000,10581929000000,81.2025684592531,4.731,1015364000000,1375737000000,-26455000000,1
2002 [YR2002],USA,-420666000000,10929108000000,82.490466876552,5.783,986095000000,1406761000000,67930000000,1
2003 [YR2003],USA,-496251000000,11456450000000,84.3630788186188,5.989,1028180000000,1524431000000,78112000000,1
2004 [YR2004],USA,-610833000000,12217196000000,86.6216781201727,5.529,1168121000000,1778954000000,160363000000,1
2005 [YR2005],USA,-716537000000,13039197000000,89.5605323721102,5.084,1291506000000,2008043000000,-89753000000,1
2006 [YR2006],USA,-763533000000,13815583000000,92.4497050827274,4.623,1463991000000,2227524000000,-14662000000,1
2007 [YR2007],USA,-711000000000,14474228000000,95.0869923788515,4.622,1660811000000,2371811000000,177277000000,1
2008 [YR2008],USA,-712352000000,14769862000000,98.7374773853445,5.784,1849584000000,2561936000000,2491000000,1
2009 [YR2009],USA,-394779000000,14478067000000,98.3864199710624,9.254,1592788000000,1987567000000,151514000000,1
2010 [YR2010],USA,-503078000000,15048971000000,100,9.633,1872324000000,2375402000000,85789000000,1
2011 [YR2011],USA,-554517000000,15599732000000,103.156841568622,8.949,2143556000000,2698073000000,173119000000,1
2012 [YR2012],USA,-525907000000,16253970000000,105.291504532867,8.069,2247453000000,2773360000000,126895000000,1
2013 [YR2013],USA,-446857000000,16880683000000,106.833848874866,7.375,2313124000000,2759981000000,104665000000,1
2014 [YR2014],USA,-483951000000,17608138000000,108.566932118964,6.168,2392613000000,2876564000000,135673000000,1
2015 [YR2015],USA,-490773000000,18295019000000,108.695721960694,5.28,2280786000000,2771559000000,-209363000000,1
2016 [YR2016],USA,-479461000000,18804913000000,110.06700893427,4.869,2240824000000,2720285000000,-174573000000,1
2017 [YR2017],USA,-516935000000,19612102000000,112.411557302308,4.355,2394477000000,2911412000000,28590000000,1
2018 [YR2018],USA,-578600000000,20656516000000,115.157303224791,3.896,2542459000000,3121059000000,-345435000000,1
2019 [YR2019],USA,-559394000000,21521395000000,117.244195476228,3.669,2546280000000,3105674000000,-201057000000,1
2020 [YR2020],USA,-652885000000,21322950000000,118.690501577198,8.055,2160145000000,2813030000000,148299000000,1
2021 [YR2021],USA,-841580000000,23594031000000,124.266413825838,5.349,2567024000000,3408604000000,-99015000000,1
2022 [YR2022],USA,-951187000000,25744108000000,134.21120616846,3.65,3018457000000,3969644000000,38173000000,1
2023 [YR2023],USA,-779790000000,27360935000000,139.73579356326,3.638,3051824000000,3831614000000,100179000000,1
1983 [YR1983],UK,3423207216.6092,489618008185.539,42.7975300536342,11.088,121032829158.069,117609621941.46,3005286141.90044,0.659724582333333
1984 [YR1984],UK,-1513312661.84174,461487097632.349,44.9205918254115,10.901,121915855956.927,123429168618.769,8324649802.81077,0.75180666625
1985 [YR1985],UK,4394278996.3691,489285164271.047,47.6478980950619,11.48,132167965057.85,127773686061.481,5130017496.95262,0.77924599975
1986 [YR1986],UK,-4959748573.50264,601452653180.885,49.2810819308304,11.508,143500226783.008,148459975356.511,8448719923.60631,0.682197333333333
1987 [YR1987],UK,-8092381167.5845,745162608269.325,51.325715738857,11.017,174723938754.525,182816319922.109,15850160395.7082,0.6119265
1988 [YR1988],UK,-30349025915.158,910122732123.799,53.4584797484742,9.004,191399431602.392,221748457517.549,15205149253.0296,0.562170166666667
1989 [YR1989],UK,-34627367841.3538,926884816753.927,56.5378213427039,7.405,198823599319.614,233450967160.968,4270004425.58102,0.61117275
1990 [YR1990],UK,-24863350099.978,1093169389204.55,61.0967264656926,6.969,239226146127.677,264089496227.655,-13379913178.091,0.563177166666667
1991 [YR1991],UK,-10890061878.6001,1142797178130.51,65.6556315886813,8.55,239783075392.638,250673137271.239,302418661.365093,0.567015333333333
1992 [YR1992],UK,-13628007847.2966,1179659529659.53,68.6702422785278,9.772,253593269083.67,267221276930.967,3139617820.2475,0.569774166666667
1993 [YR1993],UK,-9577637335.35284,1061388722255.55,70.4272239689291,10.346,245689726109.843,255267363445.196,10735545430.3215,0.666756553333333
1994 [YR1994],UK,-6980831142.06146,1140489745944.29,71.9900129461809,9.648,277113222738.51,284094053880.571,24171411205.4612,0.653426604166667
1995 [YR1995],UK,-4886522252.2228,1344240176739.78,73.9319400776771,8.694,322113920529.837,327000442782.06,27379619676.3163,0.63366812
1996 [YR1996],UK,-3662771031.52322,1419645865834.63,76.0403181061587,8.189,351830680358.616,355493451390.14,9301532237.31374,0.640958255
1997 [YR1997],UK,2898078057.98994,1560911918795.02,77.7140743480673,7.072,383179008313.104,380280930255.114,23386816482.3935,0.610836114166667
1998 [YR1998],UK,-11830609610.175,1653694932096.72,79.1289069724431,6.198,384318772481.818,396149382091.993,48157120557.6836,0.603823594166667
1999 [YR1999],UK,-17190105957.2594,1687830448147.55,80.5159977806547,6.042,410272068856.952,427462174814.211,112454145411.852,0.618056845
2000 [YR2000],UK,-19772180734.9836,1665534876683.31,81.4684668022933,5.558,427407928552.41,447180109287.394,127916379256.163,0.660930833333333
2001 [YR2001],UK,-28424683613.5515,1649827263567.01,82.7168485296837,4.696,421575093554.789,449999777168.34,21321018557.6055,0.694655
2002 [YR2002],UK,-42325996544.2745,1785729916067.15,83.9744775291289,5.037,438536461303.203,480862457847.477,31141421727.9504,0.667223333333333
2003 [YR2003],UK,-43637844626.1899,2054422857142.86,85.1303865359719,4.807,494733670054.49,538371514680.679,46069635887.586,0.6124725
2004 [YR2004],UK,-55764002611.4393,2421525082387.4,86.3140373589791,4.594,583174928020.317,638938930631.756,41580064154.0727,0.54618
2005 [YR2005],UK,-54361679069.3337,2543180000000,88.1172554096541,4.835,642253504873.644,696615183942.977,-92742954100.2226,0.549998333333333
2006 [YR2006],UK,-50957936991.0449,2708441582336.71,90.2811170704642,5.411,745310578917.009,796268515908.054,-61381481565.7496,0.543486666666667
2007 [YR2007],UK,-59999761250.0614,3090510204081.63,92.4357314592195,5.342,789226017275.04,849225778525.101,160880316709.816,0.499771666666667
2008 [YR2008],UK,-52184375242.901,2929411764705.88,95.6907712224893,5.705,812380804361.48,864565179604.381,103242148985.75,0.54396625
2009 [YR2009],UK,-30179304571.7579,2412840006231.5,97.5679674496024,7.627,651395677198.318,681574981770.075,-62945021961.1457,0.641919263495996
2010 [YR2010],UK,-38934535218.9848,2485482596184.71,100,7.924,717698118342.308,756632653561.293,-12327098017.1828,0.647179345560165
2011 [YR2011],UK,-21211673603.3351,2663805834828.07,103.856112446828,8.169,836204389287.775,857416062891.11,53821554014.553,0.624140835740495
2012 [YR2012],UK,-26805596415.6061,2707089726614.64,106.528574070649,8.25,828852358562.961,855657954978.568,-34727249184.4595,0.633046988857327
2013 [YR2013],UK,-39792666336.3403,2784853502534.29,108.969853893102,7.704,843744926655.322,883537592991.662,-8222267228.03089,0.639660577613477
2014 [YR2014],UK,-59357376064.4186,3064708247921.43,110.551137414463,6.363,875910618858.82,935267994923.238,-172805792105.635,0.607729626878255
2015 [YR2015],UK,-44424260097.0148,2927911140916.73,110.958017384871,5.517,815254552632.166,859678812729.181,-105510499552.5,0.654545478931426
2016 [YR2016],UK,-50798842587.032,2689106566899.61,112.076937303495,4.868,777697463531.562,828496306118.594,-291904952184.513,0.740634463697084
2017 [YR2017],UK,-35924431558.9293,2680148052335.3,114.943591640466,4.452,829126153982.312,865050585541.241,46685075527.4551,0.776976682344123
2018 [YR2018],UK,-39577861194.8047,2871340347581.79,117.579064176068,4.12,906757163933.295,946335025128.1,-3576693950.22308,0.749531540259847
2019 [YR2019],UK,-39829637744.049,2851407164907.81,119.622711300166,3.613,902153043301.954,941982681046.004,-41289065813.2493,0.783445110011929
2020 [YR2020],UK,15069874926.7177,2697806592293.86,120.806362123174,4.472,802020023159.893,786950148233.175,-140797136683.084,0.779999576697153
2021 [YR2021],UK,-4719358455.44879,3141506156618.7,123.848714629184,4.826,929185007373.324,933904365828.772,155009730131.285,0.727064944688322
2022 [YR2022],UK,-86640536693.7668,3088839763445.02,133.660070279268,3.73,1028830036224.4,1115470572918.17,79991422960.3437,0.811301715827773
2023 [YR2023],UK,-41639090204.9468,3340032380668.04,142.740891437026,3.984,1074780940430.08,1116420030635.03,90030824105.0409,0.804538906734353
1983 [YR1983],CAN,11082294016.2113,341866277182.733,49.8640526617058,12.018,85023053222.2911,73940759206.0798,629011721.263737,1.23241182741667
1984 [YR1984],CAN,12377075316.1164,356718400123.543,52.0105895821408,11.344,99410661593.871,87033586277.7547,-1090877860.16392,1.29506561083333
1985 [YR1985],CAN,8477603565.87652,366186012449.652,54.0712650257584,10.503,100628492290.593,92150888724.7161,2507671552.83406,1.36550739166667
1986 [YR1986],CAN,3697836184.17814,379006836991.724,56.3394390383515,9.593,102043959702.136,98346123517.958,655376615.265964,1.38947105916667
1987 [YR1987],CAN,5199682303.13483,433134238310.709,58.7936462507155,8.82,112338441235.115,107138758931.981,-994078844.821892,1.32598258166667
1988 [YR1988],CAN,4077707643.07547,509380027626.554,61.1619919862622,7.762,132393704408.965,128315996765.89,149516835.750423,1.23070084666667
1989 [YR1989],CAN,363564038.845448,567211993243.243,64.2100744132799,7.547,141583921265.209,141220357226.364,-756426909.082676,1.18397208416667
1990 [YR1990],CAN,1115963784.24025,596075591360.987,67.279622209502,8.131,148951820956.799,147835857172.559,-2351322579.60475,1.16677362666667
1991 [YR1991],CAN,-3204750443.16362,612527712315.615,71.0646823125358,10.316,148572075570.228,151776826013.392,2962324151.88571,1.14572584416667
1992 [YR1992],CAN,-2261089319.66945,594387358318.855,72.123640526617,11.197,154999312291.735,157260401611.404,-1229978110.06882,1.20872292
1993 [YR1993],CAN,63206950.5331268,579053561739.4,73.468803663423,11.377,168099255258.304,168036048307.771,962554678.562878,1.29008788166667
1994 [YR1994],CAN,6647801661.67282,579944346807.264,73.590440755581,10.395,189386047191.058,182738245529.385,1079642881.10374,1.3656734475
1995 [YR1995],CAN,18904083589.1695,605961090061.207,75.1717229536348,9.489,218166364009.087,199262280419.918,2170895576.05244,1.37244541833333
1996 [YR1996],CAN,24629288042.4509,630607994132.747,76.352318259874,9.62,233264869695.22,208635581652.769,3471751714.69391,1.36352163583333
1997 [YR1997],CAN,12429974698.068,654986999855.554,77.5901545506583,9.101,248956640936.29,236526666238.222,11546289244.7879,1.38459802833333
1998 [YR1998],CAN,12048309635.2646,634000000000,78.3629078420148,8.279,252987319296.9,240939009661.635,11369485481.8881,1.48350530166667
1999 [YR1999],CAN,24096639864.5943,678412196271.118,79.722381224957,7.583,283248726032.556,259152086167.962,-7526468527.1575,1.48570481916667
2000 [YR2000],CAN,41604373750.7723,744773415931.587,81.8903835145964,6.829,328227892005.093,286623518254.321,-21653038993.6265,1.485394095
2001 [YR2001],CAN,41819090368.6473,738981792355.372,83.9582140812822,7.219,309750150606.078,267931060237.432,8440763882.98875,1.548839955
2002 [YR2002],CAN,32839901425.9662,760649334098.005,85.8543216943331,7.665,303338703136.931,270498801710.964,4749229277.95075,1.57034283416667
2003 [YR2003],CAN,34073822805.1472,895540646634.787,88.2226674298798,7.574,329143740782.277,295069917977.13,16417567996.3288,1.4010145475
2004 [YR2004],CAN,44846759262.6837,1026690238278.25,89.8611906124785,7.185,381726288257.125,336879528994.442,43370579702.622,1.301281595
2005 [YR2005],CAN,45678110612.9023,1173108598778.68,91.850314825415,6.758,430853577575.864,385175466962.962,1727389338.84794,1.21140513416667
2006 [YR2006],CAN,35204360382.2795,1319264809590.97,93.689181453921,6.484,464880113739.585,429675753357.305,-13950022417.3474,1.13434472583333
2007 [YR2007],CAN,30611671625.0845,1468820407783.26,95.6926159129937,6.156,501654730157.097,471043058532.012,-55310207533.9084,1.07404562166667
2008 [YR2008],CAN,28144247478.8099,1552989690721.65,97.9607899255867,6.284,535719719575.132,507575472096.322,18568974469.1936,1.06708691833333
2009 [YR2009],CAN,-20294599835.7533,1374625142157.29,98.2541499713795,8.46,392141630610.373,412436230446.126,16787996095.9599,1.1415354059127
2010 [YR2010],CAN,-30874997989.8312,1617343367486.26,100,8.178,469288008080.745,500163006070.577,6626667134.17278,1.03011273517598
2011 [YR2011],CAN,-21682664821.6812,1793326630174.52,102.912135088724,7.637,546776957186.172,568459622007.853,11756393310.4902,0.989258158636364
2012 [YR2012],CAN,-34518334882.5215,1828366481521.6,104.471951917573,7.392,554961465410.873,589479800293.395,12879466785.8116,0.999364743593074
2013 [YR2013],CAN,-28982082930.2642,1846597421834.98,105.452203777905,7.143,560082523492.079,589064606422.439,-12563236012.7314,1.03013736373016
2014 [YR2014],CAN,-16320998998.6071,1805749878439.94,107.462793360046,7.023,573305506396.425,589626505395.032,805191688.449753,1.10474713237886
2015 [YR2015],CAN,-38583775871.449,1556508816217.14,108.672009158557,6.945,496137259587.928,534721035459.451,23927632715.3373,1.27878620362554
2016 [YR2016],CAN,-36241676908.6055,1527994741907.43,110.224670864339,7.038,481615868845.151,517857545753.834,33404095512.7527,1.3256151637482
2017 [YR2017],CAN,-36237673595.1705,1649265644244.09,111.984831139096,6.426,518864192859.946,555101866455.117,52829985894.7131,1.29793584646039
2018 [YR2018],CAN,-33732774271.5122,1725329192783.02,114.524899828277,5.837,557656145915.904,591388920187.493,20156533320.4923,1.29581792813534
2019 [YR2019],CAN,-25538102775.714,1743725183672.52,116.757298225529,5.69,564128218247.912,589666321023.626,26965431145.1468,1.32679336266012
2020 [YR2020],CAN,-36499244170.9959,1655684730000.19,117.594447624499,9.657,489086375745.01,525585619916.006,18306166114.2054,1.34115267222386
2021 [YR2021],CAN,117851617.809494,2007472181464.15,121.587006296508,7.527,626676188042.881,626558336424.992,44529088999.5606,1.2538769021268
2022 [YR2022],CAN,3078327810.7168,2161483369422.01,129.858328563251,5.28,731810335375.816,728732007565.1,37342988263.1283,1.30155477474355
2023 [YR2023],CAN,-9809215765.90662,2140085567791.45,134.895535203205,5.415,717677249723.986,726138559866.556,39237439459.954,1.3499086407939
1983 [YR1983],ITA,170696031.837555,559869179791.72,53.7750382727129,7.918,125212890354.372,87735264903.6923,828615354.872067,1518.84833333283
1984 [YR1984],ITA,4408261850.63534,530683779929.445,57.9016285699203,9.533,127385577956.331,93373934610.9911,567836894.032099,1756.96083333183
1985 [YR1985],ITA,4852844476.00931,553138414367.061,61.2779302820743,10.259,132509046255.836,97194747724.9877,673853048.955618,1909.439166664
1986 [YR1986],ITA,8703260368.15092,771470783218.108,62.8334864241848,10.23,163598668255.738,111492188824.669,2605984591.28404,1490.80999999875
1987 [YR1987],ITA,2606972922.94109,934173305685.911,64.9000158369846,10.735,193443755928.364,141310367529.411,-2101110971.6406,1296.07
1988 [YR1988],ITA,3031316965.3685,1018847043277.17,66.65284537824,10.18,215673032711.126,155859542033.804,-2097581265.59723,1301.6275
1989 [YR1989],ITA,3292588064.60393,1025211803413.53,68.9845633391402,9.618,232015952563.148,172109422787.566,-50705837.9363794,1372.09333333333
1990 [YR1990],ITA,2151443711.41891,1269179616913.63,71.1881257808513,9.36,285334911479.438,215178555882.662,1005044782.63723,1198.10166666667
1991 [YR1991],ITA,6695752274.77354,1269276828275.78,73.4756902285804,9.134,289271661957.651,212626017061.056,5209240507.89156,1240.61333333333
1992 [YR1992],ITA,21489459170.5194,1401465923172.24,75.2124795438948,10.203,319207509078.733,232435430627.436,1170141467.79439,1232.40583333333
1993 [YR1993],ITA,24357080634.6991,1322815612694,76.7952981752274,11.321,285421050687.19,185413252974.222,3487994303.03635,1573.66586666667
1994 [YR1994],ITA,25095487280.4917,1393982750472.59,78.0666561086769,12.593,306331496171.708,204641162377.575,3038264199.92199,1612.44498333333
1995 [YR1995],ITA,28971201036.2201,1601094756209.75,79.4691090816308,11.834,362717041241.79,244827130012.533,2157553236.26946,1628.93315833333
1996 [YR1996],ITA,31189392321.5963,1605675086549.56,81.0448890531243,12.367,365375478068.312,249935510451.128,5158060151.91964,1542.94696666667
1997 [YR1997],ITA,43524973976.1099,1452884917959.09,82.0206232733287,12.566,366861237025.893,253857763286.29,6714677948.90125,1703.09690833333
1998 [YR1998],ITA,42170696536.8382,1503108739159.44,82.5546815886255,12.074,387982971657.585,265732880016.333,9814894092.50167,1736.20738333333
1999 [YR1999],ITA,37920062793.022,1493151737698.46,82.998117158493,11.981,403178240660.602,268948068722.055,-6679306475.60436,0.938283072395239
2000 [YR2000],ITA,12920448306.6648,1365639660792.16,84.3891323092083,10.218,390238669734.531,283873770906.61,-6680942868.07591,1.08270508132601
2001 [YR2001],ITA,17867386311.9336,1377657339291.34,85.768709637685,8.61,391797875796.14,285541171263.876,1491397212.77082,1.11653308564468
2002 [YR2002],ITA,27607351106.5107,1501409382971.38,87.4183955374896,8.702,418705150497.578,302471990663.932,-5733738820.62911,1.05755899623965
2003 [YR2003],ITA,24042402513.7393,1844544792036.86,89.2528462580725,8.307,485610553980.227,360994338173.636,-17427335596.6755,0.884047927184961
2004 [YR2004],ITA,17355875954.8147,2119633181634.37,91.1647222368861,8.914,559606270072.316,423790036224.964,-5785237059.70434,0.803921647747605
2005 [YR2005],ITA,-283241312.956268,2196945232435.8,92.7563391930176,8.882,592887824736.823,459943986957.686,15534668074.9026,0.803800192161416
2006 [YR2006],ITA,-8152873482.8606,2320536221304.7,94.3101233525136,8.833,650542716762.855,528204278054.776,1965501866.07261,0.796432730949096
2007 [YR2007],ITA,-18508898565.243,2660591246211.77,95.7134561579475,8.009,741104539983.263,614197983755.953,54017799728.5608,0.729672399984088
2008 [YR2008],ITA,-41912581724.0708,2930303780828.12,98.4057435464287,7.386,827364384303.917,668111450701.093,77206581818.6664,0.679922680042729
2009 [YR2009],ITA,-32833160279.7455,2700887366932.03,98.4919671294585,9.122,665186005058.903,506305003564.182,1760503505.25074,0.716957702016136
2010 [YR2010],ITA,-43515092096.2024,2645187882116.67,100,9.279,709353195634.281,575128060164.212,20798672662.4822,0.754308990105979
2011 [YR2011],ITA,-56663277933.5587,2865157541994.17,102.11159795175,9.228,823711000283.503,649085944566.845,17407273694.7305,0.718413898653322
2012 [YR2012],ITA,-37820646682.3386,2683671716967.19,104.107058016154,9.841,795261606816.097,569332478025.481,6761814775.11469,0.778338120416812
2013 [YR2013],ITA,-30595007880.9985,2811876903329.03,105.006246810607,9.913,836579789954.485,561885401236.028,742935955.516199,0.752945122702002
2014 [YR2014],ITA,-36227530656.7103,2855964488590.19,105.539425293424,10.273,853502991203.18,566877049394.58,3443516886.53274,0.752728196932591
2015 [YR2015],ITA,-9832355281.55328,2439188643162.5,105.579017755019,10.354,777544723906.61,490389669243.127,2120880782.65148,0.901296423367096
2016 [YR2016],ITA,-13238670837.1498,2472964344587.17,105.772580900596,10.057,780380655103.692,488590389955.182,-11998104744.4285,0.903421436257288
2017 [YR2017],ITA,-23499181687.3477,2595151045197.65,106.864453008147,9.41,834697886110.815,546276783202.773,676832040.58117,0.88520550826938
2018 [YR2018],ITA,-32200785043.3922,2790956878746.66,108.842316422953,9.018,915679182185.611,605438409196.017,-5593749247.93934,0.846772667108096
2019 [YR2019],ITA,-24198007114.0416,2728870246705.88,110.04856675289,8.415,892015833703.583,568796108381.568,1681603982.41339,0.893276257067393
2020 [YR2020],ITA,-46837328625.1442,2647418691598.45,110.572946910908,8.01,752310130089.49,490684365179.883,21788625430.1752,0.875506396987983
2021 [YR2021],ITA,-38447083774.7113,2959355819170.5,112.388921149413,7.874,925551189282.75,644930259805.412,29959682048.1237,0.845494138890436
2022 [YR2022],ITA,-89629695989.9758,2779092236505.85,118.258283622798,7.308,1013026187025.19,785548990032.281,-15930452555.5196,0.949623753156941
2023 [YR2023],ITA,-47508329191.0749,3030904089607.9,124.027345193475,7.335,1051679390706.85,756154314125.979,-5217437493.86985,0.924839558470698
1983 [YR1983],FR,1877822085.63662,443042373788.883,35.0328860337616,8.547,89613086989.3289,125042194322.534,-12428342.4341714,7.62129166575
1984 [YR1984],FR,-1849362427.58582,437887689001.543,38.8145095180515,9.432,91524572183.4053,122977316105.696,-278840848.269024,8.73909999958333
1985 [YR1985],FR,-1954095748.03319,452217492140.757,42.3877699427438,9.426,95240651976.9545,127656201779.827,-352722357.271494,8.98522499975
1986 [YR1986],FR,8469745735.80437,640386352773.087,44.8562416131162,10.565,119961934560.474,154895407887.587,2147334762.14551,6.92609166666667
1987 [YR1987],FR,3607682228.02249,805713128174.485,46.9856951996717,10.743,144918049757.434,190836783005.423,4070655496.07336,6.01070833333333
1988 [YR1988],FR,223324254.28476,891608957155.608,49.3623479415055,10.998,156082866288.088,212641715745.758,6006210177.62727,5.95694166666667
1989 [YR1989],FR,-1994927194.35411,928661332204.347,52.4523476876402,11.014,170114495593.212,228723364498.544,9193689820.03884,6.38014166666667
1990 [YR1990],FR,1461264916.58425,1181222653522.95,55.838990721391,9.806,216639820799.246,283183467768.019,21640172226.7156,5.445275
1991 [YR1991],FR,105589450.923965,1246220156079.29,59.328927249434,10.122,212731606511.98,282575909682.878,8778998288.97929,5.64211666666667
1992 [YR1992],FR,174993071.022713,1320161644933.23,62.455911747802,9.342,232610423698.458,297718049908.214,9429508955.84586,5.29381583333333
1993 [YR1993],FR,32207609508.2742,1064958075550.63,65.3455810784169,10.237,217620862482.496,261063970052.491,-149530697.079623,5.66323
1994 [YR1994],FR,36945252882.4426,1099216688280.5,67.9932808957477,11.109,241586415260.017,281236008891.216,8641023244.7181,5.552045
1995 [YR1995],FR,45325897739.8749,1174662070605.02,71.5530164769477,11.685,290153027752.408,333745840205.57,-7915340633.12256,4.9914825
1996 [YR1996],FR,62155136415.2244,1312426527795.21,74.4201291680352,11.893,312090646866.352,334186085746.715,8389214529.86984,5.1155225
1997 [YR1997],FR,47619296427.0848,1241879604365.62,75.9406126299779,12.016,301477059713.375,323336263049.783,12439587260.4557,5.83669166666667
1998 [YR1998],FR,39886976511.7094,1270052525928.4,77.4253165947392,12.14,305619856528.042,345812275120.747,16182755399.4058,5.89951566666667
1999 [YR1999],FR,21283617653.3336,1252446659833.79,78.7132557275131,11.707,290231686375.388,365258177867.58,79455181689.7442,0.938283072395239
2000 [YR2000],FR,9333284879.73129,1146676894209.73,80.7107504637521,10.856,293207055786.341,377318221427.867,132207098895.585,1.08270508132601
2001 [YR2001],FR,13835427119.0986,1168023426056.38,82.9586783816502,9.623,299376598382.975,373930489484.206,37230890648.6579,1.11653308564468
2002 [YR2002],FR,9203889112.40756,1276769338449.3,85.0038779193305,9.231,311675879776.34,391097799391.068,1451944337.96749,1.05755899623965
2003 [YR2003],FR,6874316557.88135,1577621707050.51,87.2756537574471,8.888,367868654731.517,461568151466.489,10242909367.5663,0.884047927184961
2004 [YR2004],FR,9690602868.1818,1806542968545.56,89.201597564227,7.881,433480639093.146,542250394117.501,25513610482.5624,0.803921647747605
2005 [YR2005],FR,-3242154509.71732,1858217147203.73,90.9725106234272,7.745,456701832447.969,593171066049.779,33660365152.6492,0.803800192161416
2006 [YR2006],FR,-17269793364.716,1949551719389.64,92.8746038216872,6.79,510934484690.06,658695590245.714,51482577203.1678,0.796432730949096
2007 [YR2007],FR,-8130159638.96718,2213102482751.46,94.5739686397295,6.088,606067824116.986,759613438548.507,48449400448.7044,0.729672399984088
2008 [YR2008],FR,-19125869874.1847,2408655348718.59,97.740146777842,6.737,648980958798.683,869276966027.989,68001785591.4721,0.679922680042729
2009 [YR2009],FR,-11906355889.9447,2199928804118.63,98.497406286648,7.764,494397284485.527,698019165338.648,70295520050.0789,0.716957702016136
2010 [YR2010],FR,-39279503930.1584,2136099955236.67,100,8.381,535848576522.654,752868287730.483,33671093773.6308,0.754308990105979
2011 [YR2011],FR,-30653190427.9422,2294994296589.5,102.780632728793,8.377,618431386149.84,880374278217.06,20277561650.9937,0.718413898653322
2012 [YR2012],FR,23692648335.381,2086957656821.6,105.90656520528,10.678,593023876116.246,833079661254.391,19070158223.0146,0.778338120416812
2013 [YR2013],FR,51532156295.3373,2141924094298.56,107.198618335037,12.175,613418932908.339,867174797835.483,-13973846914.2207,0.752945122702002
2014 [YR2014],FR,62098215935.2281,2162009615996.54,107.457017849343,12.717,628972523184.647,889731847418.981,47288734074.2787,0.752728196932591
2015 [YR2015],FR,55237169463.6584,1836637711060.55,107.498700856028,11.929,545626838706.785,787378184459.131,8404253503.8188,0.901296423367096
2016 [YR2016],FR,61968165627.142,1877071687633.78,107.397634171255,11.725,550559672211.112,793619323216.981,41841316016.5479,0.903421436257288
2017 [YR2017],FR,57610450121.7122,1961796197354.36,108.714901774357,11.242,603887233324.485,858197178289.029,12702511140.0882,0.88520550826938
2018 [YR2018],FR,50617035662.4633,2091932426266.98,109.951520340534,10.639,656056674072.766,947879844307.575,61682963434.9479,0.846772667108096
2019 [YR2019],FR,67357784672.6454,2011302198827.45,110.623595648239,9.982,636152769354.213,916213840817.625,30864497546.2034,0.893276257067393
2020 [YR2020],FR,69265580610.0111,1897461635591.91,110.471258578492,9.19,559952124627.845,799147222533.728,9116589362.18354,0.875506396987983
2021 [YR2021],FR,46497270286.9403,2154875493744.93,112.541250526224,9.532,691427530092.352,963998746359.092,13026648828.9542,0.845494138890436
2022 [YR2022],FR,-32685085013.1359,2066972096553.7,121.771084752039,8.092,752863905019.145,1102655769490.92,13333972005.2368,0.949623753156941
2023 [YR2023],FR,37434380968.1571,2254851212731.8,128.617291886527,7.627,793588695094.137,1099187609720.55,45692033353.1856,0.924839558470698
1983 [YR1983],GER,11341396741.206,770684323247.798,60.3184833430829,6.449,192168326985.666,180826930244.46,1945566942.26002,2.55325833241667
1984 [YR1984],GER,14987906583.3004,725111123634.115,61.7696214339205,6.673,193092584367.632,178104677784.332,4135994596.6129,2.84594166616667
1985 [YR1985],GER,22907977431.9859,732534887058.198,63.045925743478,6.875,207284521373.655,184376543941.669,4964708240.98673,2.9439666665
1986 [YR1986],GER,46143914622.1262,1046259374943.71,62.9643358920914,6.608,271911130012.629,225767215390.503,8205604897.38976,2.17148333308333
1987 [YR1987],GER,55189849333.2105,1298176105549.51,63.1216876137913,6.813,326101973997.56,270912124664.349,6640908620.16013,1.79739166666667
1988 [YR1988],GER,60093039856.0268,1401233225303.49,63.9259329909699,6.319,358219709688.17,298126669832.143,13468590800.4126,1.756225
1989 [YR1989],GER,59544876562.6478,1398967436804.33,65.7034380219124,5.705,378504982427.942,318960105865.294,8162668022.83404,1.88004166666667
1990 [YR1990],GER,45835582096.6926,1771671206875.68,67.4751103626825,4.89,457349935952.883,411514353856.19,21480192634.5027,1.61573333333333
1991 [YR1991],GER,-8669983766.0511,1868945197407.19,70.2058500742827,5.316,443595473504.173,452264883875.729,18555313746.7867,1.65954166666667
1992 [YR1992],GER,-10728595287.0823,2131571696931.75,73.756144444307,6.323,473854706207.23,484583919006.972,21230462203.3534,1.56165
1993 [YR1993],GER,1055981024.52644,2071323790370.28,77.0564195564705,7.675,420758840327.352,419702859302.826,17161584360.8288,1.65332083333333
1994 [YR1994],GER,3344569716.49617,2205074123177.05,79.1315923938292,8.727,467017530589.208,463672380901.439,12339100060.4567,1.62279416666667
1995 [YR1995],GER,10536526921.2969,2585792275146.72,80.4817042975643,8.158,569038991724.86,558503140363.602,27778316539.4094,1.4331325
1996 [YR1996],GER,17771988928.428,2497244606186.64,81.6484693106268,8.822,570763395888.291,552992084410.662,44977189363.3576,1.50477416666667
1997 [YR1997],GER,23724027126.5293,2211989623279.95,83.2319368540699,9.861,560676223536.412,536952196409.883,30890591110.2312,1.73405583333333
1998 [YR1998],GER,27613383077.26,2238990774702.68,83.9903325585578,9.787,592158590309.007,564542913943.504,67478470728.333,1.7596676
1999 [YR1999],GER,12122420801.9048,2194945278872.59,84.482039736113,8.854,591028023166.015,578906723978.396,53364279142.9306,0.938283072395239
2000 [YR2000],GER,3860821676.77716,1947981991011.77,85.6988078472918,7.917,599192161993.251,595331405213.274,-149835377773.513,1.08270508132601
2001 [YR2001],GER,31688742577.8594,1945790973803.15,87.3989499142195,7.773,619472567529.34,587784720830.846,13294434782.6287,1.11653308564468
2002 [YR2002],GER,88407039414.2469,2078484517474.51,88.6407195744564,8.482,677921541867.91,589512707039.429,-34067396991.4993,1.05755899623965
2003 [YR2003],GER,94700843752.4075,2501640388482.35,89.5574615623787,9.779,821570539407.479,726868558414.749,-26100676287.2322,0.884047927184961
2004 [YR2004],GER,146173333719.877,2814353869359.08,91.0492533059359,10.727,1005137492229.83,858964186247.078,29478097771.3563,0.803921647747605
2005 [YR2005],GER,148768921205.086,2846864211175.1,92.457704355053,11.193,1082219937640.7,933452152898.668,29088956904.3782,0.803800192161416
2006 [YR2006],GER,162485018347.216,2994703642023.53,93.9161566186468,10.277,1242373582882.34,1079887290238.2,60529918995.1478,0.796432730949096
2007 [YR2007],GER,232132346346.87,3425578382921.58,96.0746729759051,8.732,1485139726422.85,1253008779595.73,89805058431.6749,0.729672399984088
2008 [YR2008],GER,229505023350.863,3745264093617.19,98.5998802890494,7.508,1642854037600.95,1413350511853.32,67071495031.3568,0.679922680042729
2009 [YR2009],GER,172768389044.027,3411261212652.34,98.9082405759318,7.88,1301336391468.38,1128569432728.9,43037329587.0515,0.716957702016136
2010 [YR2010],GER,180221496028.282,3399667820000.01,100,7.043,1443337924604.32,1263115070306.35,60605522285.2803,0.754308990105979
2011 [YR2011],GER,184738770104.341,3749314991050.59,102.075172837359,5.967,1686062777954.45,1501323988015.74,10373148758.4484,0.718413898653322
2012 [YR2012],GER,216988154466.289,3527143188785.16,104.1253413002,5.372,1629432505631.38,1412443040342.02,33639173474.0941,0.778338120416812
2013 [YR2013],GER,218578561587.68,3733804649549.03,105.692139574571,5.316,1699810251831.02,1481230369614.31,26093621454.5202,0.752945122702002
2014 [YR2014],GER,257742336752.941,3889093051023.52,106.650549555164,4.98,1773618260202.99,1515877249009.14,87919371869.1441,0.752728196932591
2015 [YR2015],GER,255038641226.545,3357585719351.56,107.199187857464,4.612,1575246787584.95,1320209272501.26,68388393318.9342,0.901296423367096
2016 [YR2016],GER,256401984889.052,3469853463945.53,107.72633665683,4.104,1598254939909.9,1341850736395.29,47174192458.9979,0.903421436257288
2017 [YR2017],GER,260592215116.192,3690849152517.65,109.35246016194,3.781,1741497554455.71,1480904274542.6,36124571462.2221,0.88520550826938
2018 [YR2018],GER,244736067409.625,3974443355019.6,111.246629356349,3.384,1881635356580.67,1636899289171.04,29011101778.829,0.846772667108096
2019 [YR2019],GER,230801506186.55,3889177589254.9,112.854877121191,3.163,1833104884837.8,1602303390722.68,98812746279.9771,0.893276257067393
2020 [YR2020],GER,217292548047.662,3887727161914.41,113.018378926344,3.881,1692296693934.46,1475002909478.48,-31887956416.8565,0.875506396987983
2021 [YR2021],GER,235408521627.921,4278503934689.85,116.484275880086,3.594,2033582798053.68,1798175482270.2,96729407101.5149,0.845494138890436
2022 [YR2022],GER,95268840283.9158,4082469490797.68,124.489744387368,3.12,2092335670362.6,1997066830078.69,117043453942.926,0.949623753156941
2023 [YR2023],GER,177067892005.594,4456081016705.96,131.892448207044,3.068,2104250895009.35,1927184078106.93,64125695340.409,0.924839558470698